Country Name,Country Code,Time,Time Code,Access to Clean Fuels and Technologies for cooking (% of total population) [2.1_ACCESS.CFT.TOT],Access to electricity (% of rural population with access) [1.2_ACCESS.ELECTRICITY.RURAL],Access to electricity (% of total population) [1.1_ACCESS.ELECTRICITY.TOT],Access to electricity (% of urban population with access) [1.3_ACCESS.ELECTRICITY.URBAN],Energy intensity level of primary energy (MJ/2011 USD PPP) [6.1_PRIMARY.ENERGY.INTENSITY],Renewable electricity output (GWh) [4.1.2_REN.ELECTRICITY.OUTPUT],Renewable electricity share of total electricity output (%) [4.1_SHARE.RE.IN.ELECTRICITY],Renewable energy consumption (TJ) [3.1_RE.CONSUMPTION],Renewable energy share of TFEC (%) [2.1_SHARE.TOTAL.RE.IN.TFEC],Total electricity output (GWh) [4.1.1_TOTAL.ELECTRICITY.OUTPUT],Total final energy consumption (TFEC) (TJ) [1.1_TOTAL.FINAL.ENERGY.CONSUM]
Brunei Darussalam,BRN,1990,YR1990,..,100,100,100,3.65100311581921,0,0,93.99366,0.671759471210095,1172,13992.159996
Brunei Darussalam,BRN,1991,YR1991,..,100,100,100,4.00254373312049,0,0,63.9743,0.432168224450779,1269,14803.101288
Brunei Darussalam,BRN,1992,YR1992,..,100,100,100,4.1082543703472,0,0,33.99682,0.205761341081909,1407,16522.452576
Brunei Darussalam,BRN,1993,YR1993,..,100,100,100,3.94277830332402,0,0,0,0,1548,17778.701916
Brunei Darussalam,BRN,1994,YR1994,..,100,100,100,3.54673639627826,0,0,0,0,1663,19213.392672
Brunei Darussalam,BRN,1995,YR1995,..,100,100,100,4.06735372675021,0,0,0,0,1966,20959.95816
Brunei Darussalam,BRN,1996,YR1996,..,100,100,100,3.97984261753074,0,0,0,0,2123,23077.85094
Brunei Darussalam,BRN,1997,YR1997,..,100,100,100,4.17169841644629,0,0,0,0,2407,25437.908232
Brunei Darussalam,BRN,1998,YR1998,..,100,100,100,4.17743655097383,0,0,0,0,2504,23906.167452
Brunei Darussalam,BRN,1999,YR1999,..,100,100,100,4.13322895473793,0,0,0,0,2434,23144.253588
Brunei Darussalam,BRN,2000,YR2000,100,100,100,100,4.04010435369227,0,0,0,0,2543,23137.680312
Brunei Darussalam,BRN,2001,YR2001,100,100,100,100,3.64071618527032,0,0,0,0,2579,22406.832504
Brunei Darussalam,BRN,2002,YR2002,100,100,100,100,3.42504653839429,0,0,0,0,2701,23378.588784
Brunei Darussalam,BRN,2003,YR2003,100,100,100,100,3.86458633999396,0,0,0,0,3191,24592.760784
Brunei Darussalam,BRN,2004,YR2004,100,100,100,100,3.52555904340798,0,0,0,0,3264,25371.631188
Brunei Darussalam,BRN,2005,YR2005,100,100,100,100,3.39145517387479,0,0,0,0,3264,25308.494244
Brunei Darussalam,BRN,2006,YR2006,100,100,100,100,4.6160590190786,0,0,0,0,3298,58325.68278
Brunei Darussalam,BRN,2007,YR2007,100,100,100,100,4.71966368423846,0,0,0,0,3395,59703.684264
Brunei Darussalam,BRN,2008,YR2008,100,100,100,100,5.28345330455794,0,0,0,0,3423,62900.012988
Brunei Darussalam,BRN,2009,YR2009,100,100,100,100,4.61948047393984,0,0,0,0,3612,45406.180944
Brunei Darussalam,BRN,2010,YR2010,100,100,100,100,4.79474666741662,0,0,0,0,3792,34960.40802
Brunei Darussalam,BRN,2011,YR2011,100,100,100,100,5.54070116235544,2,0.0536912751677852,5.923443,0.0158307398523535,3725,37417.347864
Brunei Darussalam,BRN,2012,YR2012,100,100,100,100,5.42793790677772,2,0.0508905852417303,5.878309,0.0147907916784319,3930,39743.031528
Brunei Darussalam,BRN,2013,YR2013,100,100,100,100,4.38822365597014,2,0.0454338936846888,5.16132,0.013528142510792,4402,38152.466208
Brunei Darussalam,BRN,2014,YR2014,100,100,100,100,4.74992244831422,2,0.0443852640923213,5.365007,0.0139761914390522,4506,38386.759536
Brunei Darussalam,BRN,2015,YR2015,100,100,100,100,3.65225820025726,2,0.0476190476190476,5.814209,0.0149350358914578,4200,38929.996836
Brunei Darussalam,BRN,2016,YR2016,100,100,100,100,..,..,..,..,..,..,..
Cambodia,KHM,1990,YR1990,..,..,0.00999999977648258,34.8330078125,14.2810585254657,0,0,0,..,..,0
Cambodia,KHM,1991,YR1991,..,..,0.105638802051544,37.4694137573242,13.2824056498937,0,0,0,..,..,0
Cambodia,KHM,1992,YR1992,..,..,0.477305948734283,40.1056480407715,12.4023422200781,0,0,0,..,..,0
Cambodia,KHM,1993,YR1993,..,..,0.57030314207077,42.740852355957,11.9221201939403,0,0,0,..,..,0
Cambodia,KHM,1994,YR1994,..,..,2.76906442642212,45.3739929199219,11.0042865343222,0,0,0,..,..,0
Cambodia,KHM,1995,YR1995,..,..,4.95864868164062,48.0040435791016,10.1076652933859,0,0,87615.7,82.5342521690724,198,106156.774548
Cambodia,KHM,1996,YR1996,..,..,7.13599586486816,50.6299705505371,10.0288823372746,0,0,91592.2,82.7662882292416,251,110663.655408
Cambodia,KHM,1997,YR1997,..,..,9.29804801940918,53.2507438659668,9.64904166077226,0,0,92177.26,82.196255995888,318,112142.893716
Cambodia,KHM,1998,YR1998,..,12.29,18.67,55.98,10.4604612503124,0,0,103366.1,82.0002744640442,379,126055.797588
Cambodia,KHM,1999,YR1999,..,3.39030813610074,13.5640296936035,58.4727096557617,9.35886602232242,0,0,101951.3,81.6748898201216,404,124825.757616
Cambodia,KHM,2000,YR2000,4.66,9,16.6,60.6,8.54420691439083,1,0.223214285714286,99952.7,81.1360755329419,448,123191.440236
Cambodia,KHM,2001,YR2001,5.18,7.17944505922847,17.7442817687988,63.6668243408203,7.94969451125015,1,0.196463654223969,98686.88,79.5879971818487,509,123997.189896
Cambodia,KHM,2002,YR2002,5.69,9.04532775817105,19.8128566741943,66.2585525512695,8.67717796166148,30,4.12087912087912,119916.1,83.0197597320676,728,144442.841544
Cambodia,KHM,2003,YR2003,6.22,7.72458922084207,19.3,68.8504867553711,8.2379393982218,49,6.42201834862385,121664.6,82.0680974003866,763,148248.349668
Cambodia,KHM,2004,YR2004,6.73,12.753463327995,23.9372177124023,71.445442199707,6.14948283849092,42,5.15337423312883,93543.71,78.2070673425612,814,119610.302724
Cambodia,KHM,2005,YR2005,7.35,12.6,20.5,66.8,5.5047352644213,59,6.12033195020747,91018.4,76.0703302002698,964,119650.328532
Cambodia,KHM,2006,YR2006,7.98,16.474122279251,28.0849475860596,76.6556701660156,4.95998433203015,68,5.76759966072943,87909.15,73.855803887005,1176,119028.086316
Cambodia,KHM,2007,YR2007,8.72000000000001,18.3562785805254,30.1827335357666,79.2765731811523,4.56431960874668,68,4.55764075067024,84609.4,69.3657250199752,1489,121975.802856
Cambodia,KHM,2008,YR2008,9.47,13.1,26.4,87,4.29107753174819,65,4.3859649122807,83204.22,67.9991860796488,1479,122360.611644
Cambodia,KHM,2009,YR2009,10.32,22.176431428877,34.4443740844727,84.5579223632813,6.2438430855337,68,5.37124802527646,130118.8,71.3219369439439,1256,182438.679564
Cambodia,KHM,2010,YR2010,11.22,18.8,31.1,91.3,6.14595808180396,55,5.5,130290.8,68.5184675188782,994,190154.282076
Cambodia,KHM,2011,YR2011,12.02,26.0284465533268,38.7781105041504,89.8821182250977,6.00506975219052,75,7.07547169811321,135818,68.1617454767198,1053,199258.39494
Cambodia,KHM,2012,YR2012,12.98,27.9560444122404,40.9645042419434,92.5558242797851,5.8330897414738,540,37.6569037656904,143393,68.2603726029706,1434,210067.707708
Cambodia,KHM,2013,YR2013,14.05,29.8805623038982,43.1599082946777,95.2348861694336,5.60387205682416,1030,57.9302587176603,150381,68.9721559998162,1778,218031.461856
Cambodia,KHM,2014,YR2014,15.28,49.2,56.1,96.9,5.58529747144717,1872,61.1365120836055,156124.3,68.0079101091459,3059,229567.854312
Cambodia,KHM,2015,YR2015,16.36,34.125685363614,47.5657386779785,98.9814071655273,5.76953772321403,2041,46.4180122811008,159807,64.9237759106607,4397,246145.572648
Cambodia,KHM,2016,YR2016,17.69,36.4627894300957,49.7706565856934,100,..,..,..,..,..,..,..
China,CHN,1990,YR1990,..,89.6840784496966,92.2160110473633,99.2594985961914,21.1794428300169,126788,20.4079398906752,8725501,34.083614045282,621268,25600281.086412
China,CHN,1991,YR1991,..,90.1510010024056,92.6558151245117,99.3221130371094,18.877110712943,125165,18.4711307876776,8823130,33.2584735412724,677625,26528968.592172
China,CHN,1992,YR1992,..,90.6250232069605,93.0951156616211,99.3842163085938,17.0805466608847,132601,17.5846836703706,8891955,32.9312779040239,754070,27001548.576144
China,CHN,1993,YR1993,..,91.1037713940627,93.5313568115234,99.4451293945313,15.8797456205743,151962,18.1252601684878,8989748,31.6777918019623,838399,28378707.885324
China,CHN,1994,YR1994,..,91.5834071737152,93.9614715576172,99.5039520263672,14.7079958674348,167905,18.0884357039359,9050462,31.2494841669185,928245,28961956.465128
China,CHN,1995,YR1995,..,92.0606383845575,94.3824157714844,99.5596771240234,14.2276292342512,193662,19.2141393015674,9106798,29.4721113943924,1007914,30899713.556772
China,CHN,1996,YR1996,..,92.5315610086531,94.7911224365235,99.6112747192383,13.3030465045035,189606,17.5522106198623,9121817,30.5371754582264,1080240,29871187.701948
China,CHN,1997,YR1997,..,92.9929537632254,95.1845321655273,99.657730102539,12.1664364132538,198922,17.5124660177764,9145436,30.1834816771978,1135888,30299473.393452
China,CHN,1998,YR1998,..,93.4402314714532,95.5595932006836,99.698127746582,11.3579595075545,210864,18.0611563169165,9096997,29.7399014806871,1167500,30588524.329536
China,CHN,1999,YR1999,..,93.8691787631485,95.9132308959961,99.7319412231445,10.7579613765602,206838,16.6814659250101,9062787,30.506048980242,1239927,29708163.800136
China,CHN,2000,YR2000,46.78,94.142393525458,96.2439270019531,100,10.2330505139265,225588,16.6394981921286,8974867,29.7307148369434,1355738,30187188.734688
China,CHN,2001,YR2001,47.95,94.6539613538074,96.5562057495117,99.7822723388672,9.83358330647969,280766,18.9585191657511,8804476,28.4558153762583,1480949,30940867.037484
China,CHN,2002,YR2002,48.61,95.0174743181508,96.8561401367187,99.8025512695313,9.62184205654561,291441,17.6186278990475,8745279,27.0982015214674,1654164,32272543.96596
China,CHN,2003,YR2003,49.52,95.3841839748792,97.149787902832,99.8230514526367,9.9942099834131,287321,15.0370403322247,8502294,23.9465795861498,1910755,35505254.390976
China,CHN,2004,YR2004,50.04,95.7631228956269,97.4432144165039,99.846565246582,10.3559973757278,357480,16.2232664186372,8397454,20.2494792551361,2203502,41469975.075384
China,CHN,2005,YR2005,50.83,96.1643641071664,97.7424926757813,99.8756866455078,10.2813087845064,404451,16.1750249753446,8334659,18.2038186462091,2500466,45785223.210492
China,CHN,2006,YR2006,51.8,96.6254570627196,98.0668106079102,99.9111175537109,9.97448941321124,446882,15.5927834152258,8406294,17.0946100836398,2865954,49175114.02056
China,CHN,2007,YR2007,52.5,97.120619980515,98.3987045288086,99.9483032226563,9.44675565223316,500911,15.263347136776,8108961,15.3493711431443,3281790,52829271.794772
China,CHN,2008,YR2008,53.37,97.6808575144427,98.7499160766602,99.9779815673828,8.88879012128668,614990,17.7374440648538,7986006,14.6019965741267,3467185,54691192.121976
China,CHN,2009,YR2009,54.07,98.3086743182799,99.1156463623047,99.9940795898438,8.69387284061915,663651,17.8637981987375,7920214,13.9119622748916,3715061,56930962.315032
China,CHN,2010,YR2010,54.91,98,99.7,100,8.67917853685099,781638,18.6228260527723,7871450,12.8843103068778,4197204,61093297.293516
China,CHN,2011,YR2011,55.66,99.4916258139791,99.7487258911133,100,8.50231950127344,788618,16.7617704327503,7655961,11.6957969853632,4704861,65459079.099792
China,CHN,2012,YR2012,56.4,99.8261974099054,99.9163818359375,100,8.19029944077663,995264,19.9662489377563,8069989,11.9685670286267,4984731,67426526.339352
China,CHN,2013,YR2013,57.24,99.9639480481572,99.9831161499023,100,7.85133380344517,1103418,20.2962273802567,8275653,11.8381669000852,5436567,69906541.019796
China,CHN,2014,YR2014,57.8,99.9966865099426,99.9984893798828,100,7.10422000054532,1280977,22.6091537829535,8744472,12.2238230065824,5665745,71536310.655768
China,CHN,2015,YR2015,58.54,100,100,100,6.69006970167277,1398321,23.926817173663,9084482,12.4133525698911,5844158,73183146.5259
China,CHN,2016,YR2016,59.26,100,100,100,..,..,..,..,..,..,..
"Hong Kong SAR, China",HKG,1990,YR1990,..,100,100,100,2.34471372087993,0,0,2278.666,1.07385629896274,28938,212194.685844
"Hong Kong SAR, China",HKG,1991,YR1991,..,100,100,100,2.30109371094097,0,0,2309.439,1.04143307803782,31807,221755.871664
"Hong Kong SAR, China",HKG,1992,YR1992,..,100,100,100,2.57353047299885,0,0,2288.672,0.888650755560115,34907,257544.596196
"Hong Kong SAR, China",HKG,1993,YR1993,..,..,100,100,2.40242465814841,0,0,2377.433,0.898034879432228,35950,264737.267388
"Hong Kong SAR, China",HKG,1994,YR1994,..,..,100,100,2.28751300968785,0,0,2315.845,0.805322432455894,26743,287567.42724
"Hong Kong SAR, China",HKG,1995,YR1995,..,..,100,100,2.22535666008823,0,0,2354.028,0.837325882876272,27916,281136.418704
"Hong Kong SAR, China",HKG,1996,YR1996,..,..,100,100,2.10366113775,0,0,2381.243,0.858603628375819,28442,277339.032972
"Hong Kong SAR, China",HKG,1997,YR1997,..,..,100,100,1.9252071923394,0,0,2367.426,0.842976092051361,28945,280841.416776
"Hong Kong SAR, China",HKG,1998,YR1998,..,..,100,100,2.67060738078577,0,0,2322.795,0.618445885468484,31417,375585.811884
"Hong Kong SAR, China",HKG,1999,YR1999,..,..,100,100,3.19426453107027,0,0,2342.808,0.525058260455463,29498,446199.62706
"Hong Kong SAR, China",HKG,2000,YR2000,..,..,100,100,2.5096740713233,0,0,2268.408,0.597431642066056,31331,379693.313892
"Hong Kong SAR, China",HKG,2001,YR2001,..,..,100,100,2.60121999072124,0,0,2283.397,0.602489701369498,32432,378993.53214
"Hong Kong SAR, China",HKG,2002,YR2002,..,..,100,100,2.37464227526725,0,0,2353.986,0.684346968283673,34314,343975.513752
"Hong Kong SAR, China",HKG,2003,YR2003,..,..,100,100,2.37051671311613,0,0,2350.009,0.696847292362608,35509,337234.430808
"Hong Kong SAR, China",HKG,2004,YR2004,..,..,100,100,2.0482738888132,0,0,2366.966,0.753486432151446,37132,314135.18532
"Hong Kong SAR, China",HKG,2005,YR2005,..,..,100,100,1.88708070996265,0,0,2345.194,0.759139399404365,38451,308927.978424
"Hong Kong SAR, China",HKG,2006,YR2006,..,..,100,100,1.85951195805638,1,0.00258953310718078,2362.981,0.744006616125817,38617,317602.148796
"Hong Kong SAR, China",HKG,2007,YR2007,..,..,100,100,1.87623124643548,1,0.00256726227151366,2288.597,0.70036949536219,38952,326769.942888
"Hong Kong SAR, China",HKG,2008,YR2008,..,..,100,100,1.80120998635755,1,0.00263199452545139,2394.081,0.723819906227447,37994,330756.446376
"Hong Kong SAR, China",HKG,2009,YR2009,..,..,100,100,1.9438260472687,1,0.00258184446968915,2368.227,0.649481504772347,38732,364633.478028
"Hong Kong SAR, China",HKG,2010,YR2010,..,..,100,100,1.6941603541589,93,0.242269518326517,2831.994,0.834900883759309,38387,339201.221976
"Hong Kong SAR, China",HKG,2011,YR2011,..,..,100,100,1.74474801123384,80,0.204561726500972,3773.038,1.06513591516639,39108,354230.661672
"Hong Kong SAR, China",HKG,2012,YR2012,..,..,100,100,1.65775133396636,91,0.234270414993307,2938.342,0.824365082078995,38844,356436.979668
"Hong Kong SAR, China",HKG,2013,YR2013,..,..,100,100,1.57363672692131,95,0.242606874712702,3232.712,0.901276843316087,39158,358681.355676
"Hong Kong SAR, China",HKG,2014,YR2014,..,..,100,100,1.55368581442317,106,0.265604249667995,3194.256,0.858141923107929,39902,372229.33806
"Hong Kong SAR, China",HKG,2015,YR2015,..,..,100,100,1.48808579269761,106,0.278727320536419,3173.745,0.852783452322141,38030,372163.061016
"Hong Kong SAR, China",HKG,2016,YR2016,..,..,100,100,..,..,..,..,..,..,..
Indonesia,IDN,1990,YR1990,..,48.4335713797835,61.7011451721191,91.814338684082,5.08426590360363,6833,20.9171334986378,1779394,58.5975311362571,32667,3036636.468288
Indonesia,IDN,1991,YR1991,..,32.8,48.9,87.6,4.89618312623681,7676,20.5570433851098,1814822,57.8287417363079,37340,3138269.907852
Indonesia,IDN,1992,YR1992,..,51.7733117729357,65.1091842651367,92.5520553588867,4.76012888923799,9896,23.8383157083323,1852544,56.820768942766,41513,3260328.98616
Indonesia,IDN,1993,YR1993,..,36.281837869135,55.43,92.9197998046875,4.87480852740072,8978,19.7753303964758,1881037,55.4330117013678,45400,3393351.618948
Indonesia,IDN,1994,YR1994,..,49.4,62.8,94.6,4.53901697459934,8041,15.6567623349819,1906050,52.8137884773647,51358,3609000.707868
Indonesia,IDN,1995,YR1995,..,51.7419462451754,66.86,93.6480712890625,4.61848236615853,9745,16.4630952984306,1932375,50.0981578077494,59193,3857177.757744
Indonesia,IDN,1996,YR1996,..,59.5661044940463,72.39,94.0065383911133,4.44619007814619,10518,15.5306833618806,1948583,48.750379973486,67724,3997062.17892
Indonesia,IDN,1997,YR1997,..,73.4,80.3,97.5,4.38931996202099,7716,10.3394213890415,1987504,47.0873749358569,74627,4220885.115612
Indonesia,IDN,1998,YR1998,..,71.9166094978163,80.94,94.7069778442383,4.94207170119612,12303,15.7653963453702,2025776,48.2996168755658,78038,4194186.478164
Indonesia,IDN,1999,YR1999,..,75.9331044982056,83.73,95.0468902587891,5.13635011298793,12134,14.123261362975,2047269,45.0786776143905,85915,4541546.266092
Indonesia,IDN,2000,YR2000,5.42,79.7248643411782,86.3,95.3792037963867,5.30629744186341,14891,15.9560675060273,2107158,45.5815009874561,93325,4622835.918852
Indonesia,IDN,2001,YR2001,6.93,79.1971453098143,86.26,95.7060852050781,5.24005907877658,17694,17.474865190511,2112595,44.308333334425,101254,4767940.567872
Indonesia,IDN,2002,YR2002,9.05,81.0919265600445,87.6,96.0303497314453,5.20061505910441,16182,14.9532883003595,2112288,44.6358108600534,108217,4732272.046368
Indonesia,IDN,2003,YR2003,11.29,84.5,87.94,98.1,4.97744357298333,15408,13.6385363003877,2118755,42.9778358846825,112974,4929878.28816
Indonesia,IDN,2004,YR2004,14.41,82.6957739790792,89.01,96.6823196411133,5.05196547272123,16350,13.6065178133036,2120188,41.4241530253279,120163,5118241.038516
Indonesia,IDN,2005,YR2005,18.1,77.0000761507836,86.1946258544922,97.0156402587891,4.86449491156237,17351,13.6055328591928,2111432,41.4456858117256,127529,5094455.450904
Indonesia,IDN,2006,YR2006,21.99,84.7090877928606,90.62,97.3576202392578,4.71929665046321,16313,12.2587772033185,2151580,39.9370482113573,133072,5387428.706832
Indonesia,IDN,2007,YR2007,26.28,86.1,91.1,98.2,4.41681690926246,18343,12.9038838981084,2150341,39.9693565383304,142151,5379974.025696
Indonesia,IDN,2008,YR2008,31.03,87.7196644249815,92.73,98.0872344970703,4.24870196211798,19884,13.3158324739161,2170801,40.1587534765203,149326,5405548.758552
Indonesia,IDN,2009,YR2009,35.7,88.5,93.55,98.9,4.38953395143671,20746,13.2330616046028,2181353,38.9704786215423,156774,5597449.857324
Indonesia,IDN,2010,YR2010,40.19,89.39,94.15,98.96,4.3418454484607,26913,15.8540249182646,2170076,37.7534203392792,169755,5748024.895488
Indonesia,IDN,2011,YR2011,43.93,90.4,94.83,99.35,3.93938633264638,21997,11.9928905172367,2213546,38.2254721452003,183417,5790761.698356
Indonesia,IDN,2012,YR2012,47.73,92.9,96,99.2,3.85467679444317,22477,11.2368144778283,2331145,38.2336573420011,200052,6097101.773832
Indonesia,IDN,2013,YR2013,51.13,93.2755779189707,96.4642583061542,99.6731650809369,3.74705754343888,26506,12.2701601703546,2388655,38.1064535938405,215593,6268373.922852
Indonesia,IDN,2014,YR2014,54.17,94.29,97.01,99.74,3.68352932328441,26149,11.4751004932507,2420590,37.4542683456069,228555,6462788.106456
Indonesia,IDN,2015,YR2015,56.49,95.2290784104289,97.5373674369822,99.8313935861281,3.52522267437828,24922,10.6511556345733,2402254,36.8793481032359,233984,6513819.04386
Indonesia,IDN,2016,YR2016,58.37,94.7731365689459,97.62,100,..,..,..,..,..,..,..
Japan,JPN,1990,YR1990,..,100,100,100,5.03147197449383,98204,11.2547375128502,482598.1,4.55066402367469,872557,10605003.961824
Japan,JPN,1991,YR1991,..,100,100,100,4.91785542506093,106821,11.8567348664881,508229.1,4.73056921825984,900931,10743508.371852
Japan,JPN,1992,YR1992,..,100,100,100,4.99219592963809,92259,10.162887763094,455404.3,4.19771490131849,907803,10848862.076292
Japan,JPN,1993,YR1993,..,100,100,100,5.0160037393887,104689,11.4545277492387,487402.7,4.43560671218463,913953,10988411.09292
Japan,JPN,1994,YR1994,..,100,100,100,5.24384101364639,77893,7.99302625314003,401509.8,3.56764577817821,974512,11254194.641628
Japan,JPN,1995,YR1995,..,100,100,100,5.27762127793716,94146,9.41632318714325,456078.8,3.91718852109581,999817,11643013.797876
Japan,JPN,1996,YR1996,..,100,100,100,5.25137087087074,93206,9.14620922863757,453635.8,3.8393584372338,1019067,11815406.334576
Japan,JPN,1997,YR1997,..,100,100,100,5.22348106254592,102686,9.85379465999294,480176.8,4.07212749288482,1042096,11791791.903348
Japan,JPN,1998,YR1998,..,100,100,100,5.23162416473773,103998,9.92994480181263,470080.6,4.04535605146046,1047317,11620252.80396
Japan,JPN,1999,YR1999,..,100,100,100,5.3254666911116,98515,9.22474326813322,456401.4,3.82878657575963,1067943,11920262.228496
Japan,JPN,2000,YR2000,100,100,100,100,5.31104310975785,99191,9.11604901056161,470295.8,3.91610801853032,1088092,12009265.264764
Japan,JPN,2001,YR2001,100,100,100,100,5.2068393264808,96067,8.96543807616427,446093.3,3.73677736030424,1071526,11937914.865864
Japan,JPN,2002,YR2002,100,100,100,100,5.18274319690768,95084,8.70870568322637,446557.5,3.69537437293977,1091827,12084228.9558
Japan,JPN,2003,YR2003,100,100,100,100,5.05813737484608,108337,10.0221095672445,484105.2,4.07902501125446,1080980,11868159.637764
Japan,JPN,2004,YR2004,100,100,100,100,5.09948122042995,108728,9.79582716934759,481040.5,4.0137574915504,1109942,11984792.330196
Japan,JPN,2005,YR2005,100,100,100,100,5.01557333421853,94947,8.40711373205297,439186.2,3.65447331002498,1129365,12017770.079076
Japan,JPN,2006,YR2006,100,100,100,100,4.92415637807909,106811,9.44909822599951,484619.7,4.02936380851185,1130383,12027201.39036
Japan,JPN,2007,YR2007,100,100,100,100,4.7750032526997,94599,8.20178689867738,446223,3.7527317989319,1153395,11890617.92604
Japan,JPN,2008,YR2008,100,100,100,100,4.64206127159012,96782,8.78932661054861,444975.4,3.983866936164,1101131,11169434.29914
Japan,JPN,2009,YR2009,100,100,100,100,4.68392282262269,97710,9.14571650806042,438933.7,4.03561366246857,1068369,10876504.460328
Japan,JPN,2010,YR2010,100,100,100,100,4.73517346493524,120069,10.5317771633873,516775.3,4.58552956180109,1139429,11269697.27346
Japan,JPN,2011,YR2011,100,100,100,100,4.40351657814238,123156,11.4628446015564,520468.2,4.69360225893564,1073718,11088885.91932
Japan,JPN,2012,YR2012,100,100,100,100,4.23330585516314,118282,11.1942473822485,500370.5,4.53308543403043,1055906,11038188.16746
Japan,JPN,2013,YR2013,100,100,100,100,4.20630372220914,129323,12.2052917942741,545321.1,4.91215213004179,1058800,11101470.100344
Japan,JPN,2014,YR2014,100,100,100,100,3.87124396418894,148217,14.0593593575553,606868.9,5.62502588654266,1035530,10788730.794144
Japan,JPN,2015,YR2015,100,100,100,100,3.74238616904232,165485,15.9847807230219,664986.9,6.29735708059289,1035266,10559777.562072
Japan,JPN,2016,YR2016,100,100,100,100,..,..,..,..,..,..,..
"Korea, Dem. Rep.",PRK,1990,YR1990,..,0.00999999977648259,0.00999999977648258,0.00999999977648258,..,15600,56.3176895306859,81844.39,7.18959206812245,27700,1138373.209836
"Korea, Dem. Rep.",PRK,1991,YR1991,..,0.0285450723022222,0.0285450723022222,0.0285450723022223,..,15000,57.0342205323194,80216.56,7.53810253117211,26300,1064147.902848
"Korea, Dem. Rep.",PRK,1992,YR1992,..,0.167668208479881,0.167668208479881,0.167668208479881,..,14200,57.4898785425101,74755.62,7.73954334186971,24700,965891.871108
"Korea, Dem. Rep.",PRK,1993,YR1993,..,0.640622019767761,0.640622019767761,0.640622019767761,..,13300,60.1809954751131,72380.68,7.99852668577418,22100,904925.154888
"Korea, Dem. Rep.",PRK,1994,YR1994,..,1.1968846321106,1.1968846321106,1.1968846321106,..,13800,59.7402597402597,73748.34,8.98976932602098,23100,820358.535636
"Korea, Dem. Rep.",PRK,1995,YR1995,..,2.97945737838745,2.97945737838745,2.97945737838745,..,14200,61.7391304347826,74744.22,9.59855846138256,23000,778702.555188
"Korea, Dem. Rep.",PRK,1996,YR1996,..,4.7497935295105,4.7497935295105,4.7497935295105,..,12500,58.6854460093897,69859.48,10.2074700711513,21300,684395.638812
"Korea, Dem. Rep.",PRK,1997,YR1997,..,6.50483417510987,6.50483417510986,6.50483417510986,..,10700,55.440414507772,62733.34,9.64161988467041,19300,650651.454324
"Korea, Dem. Rep.",PRK,1998,YR1998,..,8.24151992797851,8.24151992797852,8.24151992797852,..,10200,60,61164.98,9.88999657875063,17000,618452.994528
"Korea, Dem. Rep.",PRK,1999,YR1999,..,9.95679283142089,9.9567928314209,9.9567928314209,..,10300,55.3763440860215,61831.01,9.38417941145848,18600,658885.633884
"Korea, Dem. Rep.",PRK,2000,YR2000,3.06,11.649112701416,11.649112701416,11.649112701416,..,10200,52.5773195876289,61445.05,8.71775004723711,19400,704826.929736
"Korea, Dem. Rep.",PRK,2001,YR2001,3.4,13.3230228424072,13.3230228424072,13.3230228424072,..,10600,52.4752475247525,62615.37,8.62084422983424,20200,726325.268508
"Korea, Dem. Rep.",PRK,2002,YR2002,3.75,14.9845857620239,14.9845857620239,14.9845857620239,..,10620,53.7014563106796,62930.3,9.02557721500112,19776,697244.048784
"Korea, Dem. Rep.",PRK,2003,YR2003,3.94,16.6398658752441,16.6398658752441,16.6398658752441,..,11720,55.8148395085246,66201.09,9.26568752506162,20998,714475.74528
"Korea, Dem. Rep.",PRK,2004,YR2004,4.39000000000001,18.2949237823486,18.2949237823486,18.2949237823486,..,12500,56.8879989077504,68535.07,9.37285777049802,21973,731207.830932
"Korea, Dem. Rep.",PRK,2005,YR2005,4.81,19.9558258056641,19.9558258056641,19.9558258056641,..,13132,57.3149441340782,70440.72,9.22801835650404,22912,763335.2826
"Korea, Dem. Rep.",PRK,2006,YR2006,5.28999999999999,21.6286315917969,21.6286315917969,21.6286315917969,..,12620,56.2513929128594,69292.86,8.95776484944966,22435,773550.781524
"Korea, Dem. Rep.",PRK,2007,YR2007,5.71,23.3194065093994,23.3194065093994,23.3194065093994,..,13280,61.7014356734656,71215.66,10.9028299020611,21523,653185.096344
"Korea, Dem. Rep.",PRK,2008,YR2008,6.17,25.0327014923096,25.0327014923096,25.0327014923096,..,14068,60.6248653307477,73518.77,10.1982575039536,23205,720895.407588
"Korea, Dem. Rep.",PRK,2009,YR2009,6.8,26,26,26,..,12500,59.1659961187107,69477.5,12.3073498438865,21127,564520.395384
"Korea, Dem. Rep.",PRK,2010,YR2010,7.29,28.5193710327148,28.5193710327148,28.5193710327148,..,13400,61.8537666174298,72020.56,13.4749488975869,21664,534477.425832
"Korea, Dem. Rep.",PRK,2011,YR2011,7.81,30.2867374420166,30.2867374420166,30.2867374420166,..,13200,68.6570269426818,71662.65,18.081567355131,19226,396329.856768
"Korea, Dem. Rep.",PRK,2012,YR2012,8.38,32.0661201477051,32.0661201477051,32.0661201477051,..,13500,70.1809107922645,72653.18,17.6917390291291,19236,410661.608112
"Korea, Dem. Rep.",PRK,2013,YR2013,8.89,33.8545112609863,33.8545112609863,33.8545112609863,..,13900,75.8236962688195,73859.36,23.8072942574963,18332,310238.363088
"Korea, Dem. Rep.",PRK,2014,YR2014,9.71,35.6489143371582,35.6489143371582,35.6489143371582,..,13000,72.589200960411,71621.35,21.0331869949215,17909,340515.919044
"Korea, Dem. Rep.",PRK,2015,YR2015,10.08,37.4463195800781,37.4463195800781,37.4463195800781,..,10000,72.7960981291403,63731.34,23.1232614917341,13737,275615.704224
"Korea, Dem. Rep.",PRK,2016,YR2016,10.8,39.2442245483398,39.2442245483398,39.2442245483398,..,..,..,..,..,..,..
"Korea, Rep.",KOR,1990,YR1990,..,..,..,..,7.50756669416874,6362,6.0377143616365,39753.07,1.63194686718062,105371,2435929.183692
"Korea, Rep.",KOR,1991,YR1991,..,..,..,..,7.3551856651229,3487,3.07889276411637,25063.29,0.955805367024804,113255,2622216.9141
"Korea, Rep.",KOR,1992,YR1992,..,..,..,..,7.72055096010217,3099,2.49107745731648,21160.78,0.752919687541883,124404,2810496.305268
"Korea, Rep.",KOR,1993,YR1993,..,..,..,..,8.14506770845545,4230,2.95731813891705,22430.65,0.725978660342439,143035,3089712.029472
"Korea, Rep.",KOR,1994,YR1994,..,..,..,..,7.95156445444713,2349,1.45211542741277,14810.3,0.441574756938943,161764,3353973.425172
"Korea, Rep.",KOR,1995,YR1995,..,100,100,100,8.00087219669873,3012,1.66281143210463,16284.88,0.443590287348248,181139,3671153.418924
"Korea, Rep.",KOR,1996,YR1996,..,100,100,100,8.11043944300803,2830,1.3968065941117,23843.79,0.608638119605653,202605,3917564.350956
"Korea, Rep.",KOR,1997,YR1997,..,100,100,100,8.3483209422122,2895,1.30338474837246,27154.63,0.676453174140543,222114,4014266.033196
"Korea, Rep.",KOR,1998,YR1998,..,100,100,100,8.08421696777499,4343,2.01000606287806,32559.71,0.948920714404801,216069,3431236.088088
"Korea, Rep.",KOR,1999,YR1999,..,100,100,100,8.07359349038031,4257,1.80690673865431,30566.3,0.78712686156931,235596,3883274.919504
"Korea, Rep.",KOR,2000,YR2000,96.21,100,100,100,8.07369328605063,4111,1.4248282650437,29935.37,0.700450813764183,288526,4273729.06302
"Korea, Rep.",KOR,2001,YR2001,96.36,100,100,100,7.84323947161692,4258,1.37738284320544,30061.79,0.692197634126287,309137,4342948.966872
"Korea, Rep.",KOR,2002,YR2002,96.46,100,100,100,7.59264633207729,3434,1.04122448484554,31465.48,0.696662625721157,329804,4516602.274656
"Korea, Rep.",KOR,2003,YR2003,96.47,100,100,100,7.52664322625046,5123,1.49275476338249,38440.48,0.845581664584428,343191,4546039.916664
"Korea, Rep.",KOR,2004,YR2004,96.6,100,100,100,7.37233097560174,4631,1.26318832989646,35323.62,0.770203659304137,366612,4586270.082372
"Korea, Rep.",KOR,2005,YR2005,96.57,100,100,100,7.16080966104956,4052,1.04466914513476,40233.52,0.872923379895184,387874,4609055.150388
"Korea, Rep.",KOR,2006,YR2006,96.59,100,100,100,6.92000939279806,4018,0.99883163049693,43829.36,0.948657762329389,402270,4620144.560076
"Korea, Rep.",KOR,2007,YR2007,96.57,100,100,100,6.82262232071621,4557,1.06995691527453,48273.94,1.02492174042688,425905,4710012.296148
"Korea, Rep.",KOR,2008,YR2008,96.73,100,100,100,6.78036414200619,4376,0.985727672457291,49796.08,1.06072926398317,443935,4694513.641776
"Korea, Rep.",KOR,2009,YR2009,96.66,100,100,100,6.79668710182169,4687,1.03769073406601,55999.22,1.20679603607017,451676,4640321.837844
"Korea, Rep.",KOR,2010,YR2010,96.8,100,100,100,6.95979785009228,6186,1.24537463913126,65697.68,1.31495350279791,496718,4996197.953784
"Korea, Rep.",KOR,2011,YR2011,96.68,100,100,100,6.99386853595585,7479,1.43812265288346,68510.37,1.34761205511562,520053,5083834.753476
"Korea, Rep.",KOR,2012,YR2012,96.79,100,100,100,6.9152461219048,7093,1.33594507802273,82658.91,1.61425751323342,530935,5120552.90574
"Korea, Rep.",KOR,2013,YR2013,96.8,100,100,100,6.72959855828112,8783,1.63285870185595,99827.22,1.92227365396064,537891,5193184.632912
"Korea, Rep.",KOR,2014,YR2014,96.77,100,100,100,6.62553280898562,8553,1.56686805919401,147547.6,2.83819150814731,545865,5198648.490648
"Korea, Rep.",KOR,2015,YR2015,96.68,100,100,100,6.54805337164954,10406,1.89466631222848,143837.9,2.70770280422964,549226,5312174.57748
"Korea, Rep.",KOR,2016,YR2016,96.68,100,100,100,..,..,..,..,..,..,..
Lao PDR,LAO,1990,YR1990,..,0.703275453083371,15.3026142120361,95.2770004272461,8.05148654823041,833.4893,94.8775699373914,51638.8,88.4450970085087,878.4893,58385.14711
Lao PDR,LAO,1991,YR1991,..,3.65169539846028,18.1253528594971,95.3616180419922,7.83922573446131,833.9267,94.8801191271127,52294.16,88.1048891659301,878.9267,59354.43594
Lao PDR,LAO,1992,YR1992,..,6.6167533363645,20.947582244873,95.4460678100586,7.48710880975962,751.8122,94.5899169640325,52516.29,87.1192640525316,794.8122,60280.91556
Lao PDR,LAO,1993,YR1993,..,10,31,97,7.11877175596494,919.8637,95.5341550418818,52760.26,86.9281107254713,962.8637,60694.12939
Lao PDR,LAO,1994,YR1994,..,12.5869471920369,26.5798015594482,95.6108474731445,6.63404443364601,1198.5498,96.5365867724356,52805.54,86.5755632600477,1241.5498,60993.58527
Lao PDR,LAO,1995,YR1995,..,10.1318651859503,25,95.6891098022461,6.30938586452983,1084.9894,96.1879074395557,53136.74,85.9691828208372,1127.9894,61809.05559
Lao PDR,LAO,1996,YR1996,..,17.9950683616398,32.1753158569336,95.7632522583008,6.06205904498543,1247.8368,96.6688275388492,53591.53,85.6468919294896,1290.8368,62572.65009
Lao PDR,LAO,1997,YR1997,..,20.5595172658328,34.9516563415527,95.8322448730469,5.85329987807082,1218.7388,96.5920046209247,54078.12,85.9164563384091,1261.7388,62942.67979
Lao PDR,LAO,1998,YR1998,..,23.1278258838666,37.709644317627,95.8950500488281,5.76639231650081,2157.6195,92.4580678212536,54420.54,86.2281782841321,2333.6195,63112.246
Lao PDR,LAO,1999,YR1999,..,25.6998787305852,40.446216583252,95.9506378173828,5.59296016782184,2800.8003,91.4756034219475,54822.9,86.5487696249113,3061.8003,63343.36148
Lao PDR,LAO,2000,YR2000,3.99,28.276563600936,43.159839630127,95.9986267089844,5.42195520712951,3679.8874,90.9088380274609,55309.98,85.4720575462818,4241.1874,64711.1835
Lao PDR,LAO,2001,YR2001,4.04,30.8703043188103,45.8550491333008,96.0411834716797,5.10056971095381,3632.1846,90.7550491299177,55645.27,84.8473392840846,4195.4846,65582.81081
Lao PDR,LAO,2002,YR2002,4.21,30.5417039909244,46.3,96.0811309814453,4.98871162347996,3469.4535,90.5991807969466,55939.96,83.9017740962276,4022.7535,66673.15513
Lao PDR,LAO,2003,YR2003,4.13,33,48,97,4.71178339563886,3178.0044,90.9039016083618,56452.01,82.0761164935571,3689.3044,68780.06954
Lao PDR,LAO,2004,YR2004,4.29,38.8505340360903,53.8908538818359,96.1644439697266,4.6446147568295,3345.4588,100,56936.16,77.6517329914112,3858.7588,73322.45889
Lao PDR,LAO,2005,YR2005,4.27999999999999,43.7917960871246,57.2,92.2,4.37927351366848,3510,100,57457.38,77.2446003667133,4017.9199,74383.68472
Lao PDR,LAO,2006,YR2006,4.56,42.5842961565669,57.0410587037665,94.1318814277072,4.09018823632922,3595.8,100,58880.77,72.9963562009633,4134.1843,80662.61532
Lao PDR,LAO,2007,YR2007,4.55,47.4709242165351,61.9792442321777,96.3402252197266,3.52314472475102,3373.6,100,59614.41,72.2198777703148,3862.9569,82545.7088
Lao PDR,LAO,2008,YR2008,4.79000000000001,53,66,99,3.31856196978629,3717,100,60394.57,69.0607146318837,4171.6647,87451.41188
Lao PDR,LAO,2009,YR2009,4.73,53.8089850236289,67.4694671630859,96.5180053710938,3.14769838636543,3384.3,100,62311.65,66.8227414544118,3874.3152,93249.16734
Lao PDR,LAO,2010,YR2010,4.83,57.1771955945241,70.2431106567383,96.6238555908203,3.00056298404235,8449,100,73471.19,71.5085793947307,3755.063,102744.580611
Lao PDR,LAO,2011,YR2011,5.04,56.0702736018781,70,96.7386322021484,2.71189700116424,12980.1,100,72310.61,66.2695521000416,3802.47,109115.8876264
Lao PDR,LAO,2012,YR2012,5.13,68.3863885839737,76.3666277465237,97.4309445624879,2.51121060752739,12760.1,100,73025.98,63.3466578185902,3802.47,115279.9255947
Lao PDR,LAO,2013,YR2013,5.22,68.1111053573921,78.6421585083008,96.9878311157227,2.50492302855265,15506.2,99.9651873436654,73224.57,60.6815317371727,4471,120670.2729871
Lao PDR,LAO,2014,YR2014,5.42,72.0409109799759,81.4578628540039,97.1186752319336,2.30241041586574,15633.3,99.9667487290981,73247,60.4741411934053,4380,121121.1909
Lao PDR,LAO,2015,YR2015,5.54,83.04169721313,89.7,97.8,5.17189025046944,14252,86.3699995757859,72479.65,59.3158607506634,16501.1,122192.697
Lao PDR,LAO,2016,YR2016,5.62,80.3351114105026,87.0957717895508,97.3842391967773,..,..,..,..,..,..,..
"Macao SAR, China",MAC,1990,YR1990,..,..,..,..,1.17297761107691,0,0,59,0.660982960083351,790,8926.1
"Macao SAR, China",MAC,1991,YR1991,..,..,..,..,1.20111886125882,0,0,59,0.649200602986323,889,9088.1
"Macao SAR, China",MAC,1992,YR1992,..,..,..,..,1.0578936493259,0,0,59,0.602446545632773,992,9793.4
"Macao SAR, China",MAC,1993,YR1993,..,..,..,..,1.0975450551862,0,0,59,0.551479179324204,1190,10698.5
"Macao SAR, China",MAC,1994,YR1994,..,100,100,100,1.13362077882132,0,0,59,0.520580579697357,1254,11333.5
"Macao SAR, China",MAC,1995,YR1995,..,100,100,100,1.07750472956188,0,0,59,0.501743345522578,1272,11759
"Macao SAR, China",MAC,1996,YR1996,..,100,100,100,1.23820502215431,0,0,59,0.414436436689566,1372,14236.2
"Macao SAR, China",MAC,1997,YR1997,..,..,100,100,1.31791076481259,0,0,29.5,0.19080019662122,1409,15461.2
"Macao SAR, China",MAC,1998,YR1998,..,..,100,100,1.43204631151869,0,0,29.5,0.194542265131431,1539,15163.8
"Macao SAR, China",MAC,1999,YR1999,..,..,100,100,1.4389351983864,0,0,29.5,0.192829362355787,1532,15298.5
"Macao SAR, China",MAC,2000,YR2000,..,..,100,100,1.46238213304455,0,0,29.5,0.177456417906856,1571,16623.8
"Macao SAR, China",MAC,2001,YR2001,..,..,100,100,1.35333525774832,0,0,2819.5,16.9742030643268,1566,16610.5
"Macao SAR, China",MAC,2002,YR2002,..,..,100,100,1.13457837715586,0,0,3086.834,22.8542490356804,1701,13506.60875
"Macao SAR, China",MAC,2003,YR2003,..,..,100,100,1.02339590199567,0,0,3215.984,23.4208119455474,1796,13731.30875
"Macao SAR, China",MAC,2004,YR2004,..,..,100,100,0.896604227676006,0,0,3481.284,23.4968526758351,1973,14815.95875
"Macao SAR, China",MAC,2005,YR2005,..,..,100,100,0.906361766732085,0,0,3912.584,23.3096436478824,2027,16785.25875
"Macao SAR, China",MAC,2006,YR2006,..,..,100,100,0.785525683462062,0,0,4389.584,23.6374559136833,1669,18570.45875
"Macao SAR, China",MAC,2007,YR2007,..,..,100,100,0.724593148449291,0,0,730.1404,4.19896416233438,1520,17388.58375
"Macao SAR, China",MAC,2008,YR2008,..,..,100,100,0.704869769884092,0,0,915.9475,4.7697441329533,1211,19203.28375
"Macao SAR, China",MAC,2009,YR2009,..,..,100,100,0.928279753360362,0,0,893.8324,3.2164393026143,1466,27789.5
"Macao SAR, China",MAC,2010,YR2010,..,..,100,100,0.627767842827193,0,0,1371.842,5.8118801394673,1077,23604.1
"Macao SAR, China",MAC,2011,YR2011,..,..,100,100,0.527177719830362,0,0,1443.469,5.51325348142603,886,26181.8
"Macao SAR, China",MAC,2012,YR2012,..,..,100,100,0.48501553195675,0,0,2743.223,9.86682132901718,561,27802.5
"Macao SAR, China",MAC,2013,YR2013,..,..,100,100,0.426175060295184,0,0,3957.363,14.4230857542724,413,27437.7
"Macao SAR, China",MAC,2014,YR2014,..,..,100,100,0.460209318490705,0,0,2930.667,10.0204706155887,641,29246.8
"Macao SAR, China",MAC,2015,YR2015,..,..,100,100,0.657095507447482,0,0,2406.327,7.0513630489631,962,34125.7
"Macao SAR, China",MAC,2016,YR2016,..,..,100,100,..,..,..,..,..,..,..
Malaysia,MYS,1990,YR1990,..,91.8272367713591,93.9550399780273,96.1004486083984,4.80277832334301,3989,17.3314216197428,65569.34,11.980543608873,23016,547298.537868
Malaysia,MYS,1991,YR1991,..,92.2479809376929,94.2970886230469,96.2995223999023,5.40923063551117,4408,16.6013859596264,66338.37,11.1534355235474,26552,594779.696892
Malaysia,MYS,1992,YR1992,..,92.6387963271651,94.6386260986328,96.4984283447266,5.47731171188343,4361,14.8743135850472,67174.46,10.2662172738824,29319,654325.329456
Malaysia,MYS,1993,YR1993,..,93.0299288339715,94.9771041870117,96.6963043212891,5.38958398548126,4873,14.0274619303952,68397.52,10.0258519116095,34739,682211.552724
Malaysia,MYS,1994,YR1994,..,93.4212385310318,95.3094635009765,96.8921127319336,4.90963527456795,6524,16.6854219948849,74740.16,9.92592691217369,39100,752979.149064
Malaysia,MYS,1995,YR1995,..,93.8076454296576,95.6326446533203,97.084831237793,4.83656303194294,6222,13.6861554705028,73894.76,9.02961384827698,45462,818360.134128
Malaysia,MYS,1996,YR1996,..,94.183002848418,95.9435882568359,97.2734298706055,4.86524705311517,5187,10.0882993620663,70970.44,7.47308267129816,51416,949680.916452
Malaysia,MYS,1997,YR1997,..,94.541285310661,96.2392349243164,97.4568710327148,5.27605481875812,3873,6.69108373788504,67487.84,6.70558722177825,57883,1006441.908336
Malaysia,MYS,1998,YR1998,..,94.8748998538446,96.5165328979492,97.6341323852539,5.41374248680777,4855,7.99690336182899,70717.57,7.16784032044907,60711,986595.220296
Malaysia,MYS,1999,YR1999,..,95.1760211995169,96.7724151611328,97.8041763305664,5.1669541990239,7525,11.5355724863183,78749.53,7.34271482331671,65233,1072485.203292
Malaysia,MYS,2000,YR2000,94.53,95.438465300523,97.0053405761719,97.9666213989258,5.41281799476531,6966,10.0584795321637,77688.68,6.74350372428677,69255,1152052.155324
Malaysia,MYS,2001,YR2001,94.99,95.6894516017486,97.2198638916015,98.1216888427734,5.60410233693281,7058,9.92909796860053,78901.49,6.47848891097353,71084,1217899.591776
Malaysia,MYS,2002,YR2002,95.28,95.9094695306172,97.4220352172852,98.2781829833984,5.49639183773907,5305,7.14487737208582,73426.85,5.71659094008999,74249,1284451.708536
Malaysia,MYS,2003,YR2003,95.58,96.1152764466896,97.6179275512695,98.4348983764649,5.56657375108045,5056,6.44330882259236,72731.22,5.41355738129154,78469,1343501.41464
Malaysia,MYS,2004,YR2004,95.87,96.3179370814344,97.813591003418,98.5946350097656,5.60613957549311,5831,7.08643235622964,75372.46,5.16903972109979,82284,1458152.075952
Malaysia,MYS,2005,YR2005,96.03,96.5564475812539,98.0240097045898,98.7601928710937,5.77325258814497,5192,6.28016401969204,73871.23,4.92452509799416,82673,1500068.098548
Malaysia,MYS,2006,YR2006,96.32,96.8043290539806,98.2416687011719,98.9342575073242,5.49788571414464,6443,7.17243682511411,77614.74,4.99439945222873,89830,1554035.49
Malaysia,MYS,2007,YR2007,96.34,97.0860556836907,98.4757995605469,99.1190338134766,5.66366855986573,6491,6.65634357438779,78111.83,4.55770754655618,97516,1713840.328764
Malaysia,MYS,2008,YR2008,96.46,97.4100957300989,98.729248046875,99.3156967163086,5.64757100865422,7461,7.62875635218454,82560.1,4.72913448564459,97801,1745776.108728
Malaysia,MYS,2009,YR2009,96.43,98,99.3,99.9,5.44861746893875,8127,7.00585329689749,64523.59,4.23012405000452,116003,1525335.645888
Malaysia,MYS,2010,YR2010,96.47,98.245885650111,99.2892303466797,99.7172088623047,5.17775710479189,7478,5.99265943294921,62011.27,3.81904229491699,124786,1623738.759912
Malaysia,MYS,2011,YR2011,96.56,98.7960010219763,99.5673446655273,99.8712692260742,5.12751727114068,8680,6.71436859408238,65456.66,4.10776296381475,129275,1593486.785304
Malaysia,MYS,2012,YR2012,96.62,99.3,99.8,99.9,4.94677567651701,9922,7.38348427233016,73831.07,4.41031060617694,134381,1674056.015388
Malaysia,MYS,2013,YR2013,96.49,99.7548916126713,99.9291381835938,99.9926605224609,5.32762479195132,11867,8.57764477983057,83667.99,4.48629964495982,138348,1864966.601016
Malaysia,MYS,2014,YR2014,96.38,99.9442783278316,99.9851226806641,99.9994659423828,5.13496071863633,14316,9.70780299588388,94009.52,4.76977363667669,147469,1970943.00822
Malaysia,MYS,2015,YR2015,96.3,99.9944200909323,99.9985885620117,100,4.68220513581964,14948,9.95716845520007,99297.57,5.19444258901529,150123,1911611.65608
Malaysia,MYS,2016,YR2016,96.3,100,100,100,..,..,..,..,..,..,..
Mongolia,MNG,1990,YR1990,..,25.7868898058248,68.1128387451172,100,12.7542727821153,0,0,2199.452,1.89262442952202,3348,116211.75156
Mongolia,MNG,1991,YR1991,..,27.2307753952902,68.6997756958008,100,15.6375617361745,0,0,2199.452,1.96959020783607,3229,111670.53894
Mongolia,MNG,1992,YR1992,..,28.6687513336906,69.2861938476563,100,15.0839505127299,0,0,2230.266,2.40016888682143,2929,92921.21118
Mongolia,MNG,1993,YR1993,..,30.1006605768053,69.8695602416992,99.9982070922852,14.5695528063925,0,0,2261.039,2.67180483048768,2582,84625.90434
Mongolia,MNG,1994,YR1994,..,31.5299213975004,70.4468002319336,99.9840774536133,12.3358110180928,0,0,2261.039,3.04339554324676,2715,74293.30062
Mongolia,MNG,1995,YR1995,..,32.9845082536114,71.0148696899414,99.933479309082,11.5688323205792,0,0,2261.039,3.0093382188638,2628,75134.093796
Mongolia,MNG,1996,YR1996,..,34.4851708473312,71.5707015991211,99.8226318359375,9.53140369280591,0,0,2261.039,3.44084908317534,2614,65711.658528
Mongolia,MNG,1997,YR1997,..,36.0281367806879,72.1112365722656,99.6510543823242,8.98565160860448,0,0,2291.854,3.39439771488489,2662,67518.723276
Mongolia,MNG,1998,YR1998,..,37.5745459022654,72.633415222168,99.4406051635742,8.76464608978143,0,0,2291.854,3.73913692162096,2675,61293.663432
Mongolia,MNG,1999,YR1999,..,39.0919195587682,73.1341857910156,99.2128448486328,8.51512519421899,0,0,2291.854,3.59397600931593,2842,63769.318272
Mongolia,MNG,2000,YR2000,21.83,25.0805499002332,67.3,98.9773406982422,8.99097479330902,0,0,3500.039,5.71347110756614,2946,61259.415408
Mongolia,MNG,2001,YR2001,22.92,39.697258303835,74.071403503418,98.7370452880859,8.79927498370472,0,0,4012.378,6.07489000945419,3017,66048.570324
Mongolia,MNG,2002,YR2002,24.09,39.5798687456927,74.5184631347656,98.4942474365234,8.99618484011529,0,0,4455.718,6.50019796173208,3112,68547.420036
Mongolia,MNG,2003,YR2003,25.22,77.5,76.3,99.5,8.21141550146023,0,0,4455.718,6.07998688760095,3138,73284.993576
Mongolia,MNG,2004,YR2004,26.49,39.3656539644373,75.399787902832,98.0121154785156,7.6434315272894,0,0,4455.718,5.74470705533631,3303,77562.14472
Mongolia,MNG,2005,YR2005,27.63,67.1,86.2,97.9,8.20912652356818,0,0,4455.718,5.32177245152319,3419,83726.202888
Mongolia,MNG,2006,YR2006,28.72,39.2964413195023,76.3044891357422,97.5447235107422,8.6035954486765,0,0,4455.718,4.46178726749122,3544,99863.97228
Mongolia,MNG,2007,YR2007,30.32,39.3420831009591,76.78076171875,97.3290023803711,8.17508616120909,0,0,4833.451,4.68248357977123,3701,103224.08862
Mongolia,MNG,2008,YR2008,31.57,39.463109357937,77.2795486450195,97.1268081665039,7.53547591436322,0,0,4874.44,4.62896399518485,4001,105303.04416
Mongolia,MNG,2009,YR2009,32.68,39.6727783043495,77.7993698120117,96.9371032714844,7.92909640498879,0,0,4823.235,4.36488738997934,4039,110500.788888
Mongolia,MNG,2010,YR2010,34.18,16.8007149240393,78.502080443828,96.0794297352342,7.89359702493602,0,0,4864.224,4.34832056562224,4313,111864.429648
Mongolia,MNG,2011,YR2011,35.57,17.8583646938077,72.0570749108204,94.1553912679593,7.36341339564548,0,0,4894.202,3.8993553833994,4536,125513.104572
Mongolia,MNG,2012,YR2012,36.69,40.836204837749,79.454948425293,96.4251403808594,7.25358530396904,0,0,3876.809,2.84790870076394,4816,136128.275424
Mongolia,MNG,2013,YR2013,38.33,52,81.2,97.8,7.15922534860462,85,1.69322709163347,4165.367,2.92452446061805,5020,142428.86514
Mongolia,MNG,2014,YR2014,39.82,42.2361507403509,80.6087341308594,96.1135864257813,6.66264822342375,170,3.16220238095238,4460.568,3.26984282370897,5376,136415.3643
Mongolia,MNG,2015,YR2015,41.32,43.1368123485782,81.1916275024414,95.9613800048828,6.09524907108966,170,3.08362053328496,4468.379,3.42973728977845,5513,130283.418888
Mongolia,MNG,2016,YR2016,42.8,44.168604551646,81.775032043457,95.8094711303711,..,..,..,..,..,..,..
Myanmar,MMR,1990,YR1990,..,20.2573439855332,35.6520309448242,82.9137802124023,14.8940913119398,1193,48.1436642453592,354228.8,90.9073472098687,2478,389659.153932
Myanmar,MMR,1991,YR1991,..,21.2179255170396,36.5349311828613,83.1698989868164,14.7418309218548,1240,46.3205080313784,348415.7,91.1186694346812,2677,382375.754784
Myanmar,MMR,1992,YR1992,..,22.1660912016768,37.4173202514648,83.4258499145508,13.8602216049279,1518,50.6675567423231,358159,90.7863482264251,2996,394507.552068
Myanmar,MMR,1993,YR1993,..,23.0991450661034,38.2966499328613,83.6807632446289,12.9659871187889,1705,50.3692762186115,351086.2,89.2473976085398,3385,393385.364064
Myanmar,MMR,1994,YR1994,..,24.0121211203186,39.169864654541,83.9336242675781,12.8239454215575,1614,44.9081803005008,370519.4,87.9665909706696,3594,421204.682268
Myanmar,MMR,1995,YR1995,..,24.9024346887961,40.0338973999023,84.1833877563477,12.4021283066688,1624,40.0493218249075,372942.3,85.2203604069731,4055,437621.125068
Myanmar,MMR,1996,YR1996,..,25.7666373009173,40.8856964111328,84.4290313720703,11.6736878148019,1651,41.850443599493,368084.3,84.6098367980749,3945,435037.241448
Myanmar,MMR,1997,YR1997,..,26.5996429879409,41.7222023010254,84.6695251464844,11.281396686606,1686,37.9302587176603,374782.4,85.1624250169795,4445,440079.530292
Myanmar,MMR,1998,YR1998,..,27.3994449384524,42.5403480529785,84.9038238525391,10.9453429043108,949,22.9282435370863,380117.1,83.3544815586017,4139,456024.79062
Myanmar,MMR,1999,YR1999,..,28.1608210738241,43.337085723877,85.1309204101563,9.89993180166896,1038,22.3755119637853,376452.7,81.8797710727169,4639,459762.76566
Myanmar,MMR,2000,YR2000,4.72,28.882640686669,44.1108665466309,85.3504028320313,8.97711675924949,1892,36.967565455256,381944.4,80.1636744416438,5118,476455.704732
Myanmar,MMR,2001,YR2001,5.18,29.5695530497948,44.8662414550781,85.5644607543945,7.87885099852343,1822,38.8568991256131,390087.6,82.4741117361369,4689,472981.874904
Myanmar,MMR,2002,YR2002,5.74,32.1521039521514,47,85.7759094238281,7.27063957678239,2111,41.6535122336227,399752.8,82.9986077947378,5068,481637.9583
Myanmar,MMR,2003,YR2003,6.23,30.8678417834998,46.3460083007813,85.9875564575195,6.92690218111882,2075,38.2488479262673,411128.1,79.790745004384,5425,515257.878564
Myanmar,MMR,2004,YR2004,6.69999999999999,31.4931918348278,47.0825309753418,86.2022247314453,6.43081177793979,2408,42.9310037439829,420796.5,80.26836220896,5609,524237.057316
Myanmar,MMR,2005,YR2005,7.46,32.1131258860184,47.824893951416,86.4227294921875,5.68167363538123,2997,49.8171542553192,426038.6,79.5508983617824,6016,535554.73134
Myanmar,MMR,2006,YR2006,7.97,32.7352072050113,48.5791625976563,86.6518859863281,5.09578989081416,3325,53.9422452952628,429687.2,81.1165503705987,6164,529715.82006
Myanmar,MMR,2007,YR2007,8.77,33.3655848993335,49.3513984680176,86.8925018310547,4.72105406990983,3619,56.5557118299734,430536.2,80.3154677468684,6399,536056.393716
Myanmar,MMR,2008,YR2008,9.33000000000001,34.0132698430518,50.1461563110351,87.1466445922852,4.12791655147467,4071,61.4768951978254,431643.9,85.5665658832106,6622,504453.9249
Myanmar,MMR,2009,YR2009,10.24,34.676208189361,50.9619445800781,87.4132843017578,3.53759278352048,5256,75.4738655944859,434454.7,85.6295863237957,6964,507365.174412
Myanmar,MMR,2010,YR2010,11.14,34.3,48.8,89,3.14527290210631,5105,67.6786424499536,436603.1,84.4045564890683,7543,517274.32518
Myanmar,MMR,2011,YR2011,12.13,36.067221027023,52.6445808410644,87.9769134521484,3.04307505971867,7518,76.1856505877584,442356.9,83.8603130515469,9868,527492.545524
Myanmar,MMR,2012,YR2012,13.24,36.7904081475023,53.5054244995117,88.2703323364258,3.09895925214397,7766,72.3630264629146,442684.3,77.9095581668799,10732,568202.811588
Myanmar,MMR,2013,YR2013,14.45,37.5282151493877,54.3752822875977,88.5691070556641,3.03245680860879,8823,72.0421327672083,446255.5,74.1051590235964,12247,602192.216952
Myanmar,MMR,2014,YR2014,15.44,49,52,85.5,3.12992045786252,8829,62.3649078194533,446750.4,66.13285378605,14157,675534.73716
Myanmar,MMR,2015,YR2015,16.97,48.9,60.5,90.8,3.12418890377145,9399,58.8541014402004,449993.5,61.5278116473242,15970,731366.008236
Myanmar,MMR,2016,YR2016,18.4,39.7927429049178,57.0093841552734,89.4800186157227,..,..,..,..,..,..,..
Philippines,PHL,1990,YR1990,..,40.1491516001819,62.1144485473633,85.3545379638672,4.8385166193373,11959,45.4248490143199,414293,50.94656739513,26327,813191.194584
Philippines,PHL,1991,YR1991,..,42.0555536132215,63.2861862182617,85.8029937744141,4.85965389022896,10903,42.5084798627627,403667.3,51.9604082640925,25649,776874.76578
Philippines,PHL,1992,YR1992,..,43.9577265726882,64.4574127197266,86.2512817382813,5.06362581798896,10140,39.1959798994975,391404,48.7073905590112,25870,803582.36298
Philippines,PHL,1993,YR1993,..,46.4,65.4,83.7,4.95497669941211,10697,40.2460589186952,384339,45.8574643129508,26579,838116.55476
Philippines,PHL,1994,YR1994,..,47.7321318031942,66.7876358032227,87.1437225341797,5.08659491084176,12182,39.9789964228283,380371.5,44.4350856077087,30471,856016.129592
Philippines,PHL,1995,YR1995,..,49.5945069278494,67.9405136108398,87.585823059082,5.09057811674976,12367,36.8438300661384,371579.6,38.9420017009317,33566,954187.21116
Philippines,PHL,1996,YR1996,..,51.4337832684643,69.0811462402344,88.023796081543,4.97380856867206,13564,36.9319574155254,365039,36.8768663311926,36727,989886.1707
Philippines,PHL,1997,YR1997,..,53.2451012479716,70.2064895629883,88.4566192626953,4.97647559138116,13306,33.434681006106,354904.5,33.7999112330775,39797,1050016.071204
Philippines,PHL,1998,YR1998,..,51.9,71.3,91.1,5.14929918880025,13980,33.62355091635,347219.7,33.430611758274,41578,1038628.017072
Philippines,PHL,1999,YR1999,..,55.2538065159552,71.8741709275167,90.1387028775341,5.12771056073635,18434,44.4921799575208,351832.6,34.0688253471477,41432,1032711.27318
Philippines,PHL,2000,YR2000,36.28,58.4860893039724,73.4616775512695,89.7145080566406,5.08219045613528,19425,42.8902627511592,344955.4,34.8450316237689,45290,989970.11604
Philippines,PHL,2001,YR2001,37.09,60.2734123893867,74.5058898925781,90.1209030151367,4.72941697238168,17546,37.2922422954304,332443.3,33.5347084456695,47050,991340.958096
Philippines,PHL,2002,YR2002,37.87,62.0248314311008,75.5377502441406,90.5246810913086,4.62542723532896,17275,35.6428085088823,320953.2,32.8271543130175,48467,977706.434556
Philippines,PHL,2003,YR2003,38.53,59.8,76.6,92,4.41767017844206,17692,33.4189648658859,314306.9,32.0498725926156,52940,980680.65354
Philippines,PHL,2004,YR2004,39.15,65.4604726269344,77.5886917114258,91.3356628417969,4.1271305760466,18875,33.7312579301964,308046,31.3131890225203,55957,983757.993408
Philippines,PHL,2005,YR2005,39.29,67.1617202830247,78.6198959350586,91.7484970092774,3.94546367956466,18308,32.365159898881,298908.1,31.4295828385165,56567,951040.62162
Philippines,PHL,2006,YR2006,40.23,68.8651877790989,79.6630020141602,92.1699905395508,3.72148508541311,20458,36.0283887783315,300304.1,32.5966321965234,56783,921273.394716
Philippines,PHL,2007,YR2007,40.52,70.579359609741,80.7240829467773,92.6029434204102,3.49753743597932,18837,31.5998725067521,292846.3,31.2034145009581,59611,938507.22648
Philippines,PHL,2008,YR2008,40.75,72.8,83.3,93.7,3.48479236555124,20628,33.9159171996514,294984.6,31.7270647842501,60821,929756.981952
Philippines,PHL,2009,YR2009,41.05,74.0574557134361,82.9123001098633,93.5083923339844,3.28042498088548,20177,32.5850680706061,296164.1,31.2239206956681,61921,948516.692976
Philippines,PHL,2010,YR2010,41.56,75.8154530154643,84.0349502563477,93.9780807495117,3.2242384393983,17815,26.2983082873254,284611,28.8118355854605,67742,987826.68378
Philippines,PHL,2011,YR2011,42.06,77.5713502732222,85.1726226806641,94.4566879272461,3.13116202954533,19823,28.6558922169539,289471.9,29.3987828333404,69176,984639.0636
Philippines,PHL,2012,YR2012,42.43,79.3234186066643,86.3223037719727,94.9424438476563,3.12177352510576,20742,28.4444810136998,305681.1,30.2246899489614,72921,1011362.235696
Philippines,PHL,2013,YR2013,42.69,81.5,87.5,94.1,3.01986107421038,19873,26.4036882523317,312951,29.3071613541921,75266,1067831.156412
Philippines,PHL,2014,YR2014,42.83,82.809381760333,88.6456985473633,95.928237915039,3.0344437814325,19777,25.5973182159406,317667.5,28.5821718521248,77262,1111418.340228
Philippines,PHL,2015,YR2015,43.21,85.12,89.08,95.91,3.12231563959038,20944,25.4134663220608,328178.1,27.4515444500126,82413,1195481.371176
Philippines,PHL,2016,YR2016,43.22,86.2595592235837,90.9816131591797,96.9214706420898,..,..,..,..,..,..,..
Singapore,SGP,1990,YR1990,..,..,100,100,4.61760983447953,85,0.540918925798651,252.436,0.194833724264659,15714,129564.838404
Singapore,SGP,1991,YR1991,..,..,100,100,4.90592121626867,245,1.44790497015543,702.4008,0.495509223644809,16921,141753.32496
Singapore,SGP,1992,YR1992,..,..,100,100,5.19841007432888,245,1.38621704198257,711.5568,0.52847069042069,17674,134644.515372
Singapore,SGP,1993,YR1993,..,..,100,100,5.71632082832504,245,1.29205779981015,717.7019,0.515729258378133,18962,139162.53312
Singapore,SGP,1994,YR1994,..,..,100,100,6.26021376277503,245,1.17511631253298,722.8125,0.477110597051683,20849,151497.89262
Singapore,SGP,1995,YR1995,..,..,100,100,4.99022101265007,245,1.10142060780435,725.3896,0.452737924140517,22244,160222.848876
Singapore,SGP,1996,YR1996,..,..,100,100,4.84451521643818,245,1.01659751037344,723.48,0.457871819092278,24100,158009.287716
Singapore,SGP,1997,YR1997,..,..,100,100,5.02251772169572,245,0.910848390214886,728.6714,0.431425658794336,26898,168898.484628
Singapore,SGP,1998,YR1998,..,..,100,100,4.64290979905491,245,0.863436123348018,740.5159,0.433014805376041,28375,171013.990932
Singapore,SGP,1999,YR1999,..,..,100,100,3.98106413304343,245,0.829945799457995,752.644,0.426520082561525,29520,176461.562016
Singapore,SGP,2000,YR2000,100,..,100,100,3.75795729048147,245,0.773724932891205,760.693,0.325118892748759,31665,233973.791424
Singapore,SGP,2001,YR2001,100,..,100,100,4.32770808375643,473,1.42947807428451,1431.548,0.595906733635363,33089,240230.2104
Singapore,SGP,2002,YR2002,100,..,100,100,4.12580592959659,473,1.36452804061851,1440.104,0.57690809201945,34664,249624.510372
Singapore,SGP,2003,YR2003,100,..,100,100,4.77701202970794,495,1.40099626400996,1510.725,0.575479845843392,35332,262515.70944
Singapore,SGP,2004,YR2004,100,..,100,100,5.23513081578811,479,1.3012414767325,1441.108,0.525078848760884,36811,274455.541944
Singapore,SGP,2005,YR2005,100,..,100,100,3.42033964401003,478,1.25088320728548,1598.466,0.535101712017165,38213,298721.8998
Singapore,SGP,2006,YR2006,100,..,100,100,3.3754795697916,477,1.20937072156584,1602.55,0.518118730176624,39442,309301.692192
Singapore,SGP,2007,YR2007,100,..,100,100,2.86546521704931,487,1.18396421364841,1633,0.503977767540391,41133,324022.229784
Singapore,SGP,2008,YR2008,100,..,100,100,3.23366782535596,525,1.2584797564542,1766.635,0.531735800256668,41717,332239.243464
Singapore,SGP,2009,YR2009,100,..,100,100,2.80242666326506,535,1.29826008881555,1814.811,0.478419171576047,41209,379334.923812
Singapore,SGP,2010,YR2010,100,..,100,100,2.91062621320719,592,1.3050858667137,1985.487,0.475165156888014,45361,417851.976564
Singapore,SGP,2011,YR2011,100,..,100,100,2.83320741590149,611,1.32774131861446,2056.048,0.469261488323299,46018,438145.4799
Singapore,SGP,2012,YR2012,100,..,100,100,2.70639206655521,638,1.35828489919312,2161.741,0.495199917807395,46971,436539.046608
Singapore,SGP,2013,YR2013,100,..,100,100,2.61809983610676,742,1.54683232921262,2503.479,0.555974865833875,47969,450286.36254
Singapore,SGP,2014,YR2014,100,..,100,100,2.48485730021585,821,1.66261644390441,2777.914,0.621625222931533,49380,446879.228436
Singapore,SGP,2015,YR2015,100,..,100,100,2.39485551302144,918,1.82088664088069,3115.195,0.70863529719762,50415,439604.830908
Singapore,SGP,2016,YR2016,100,..,100,100,..,..,..,..,..,..,..
"Taiwan, China",TWN,1990,YR1990,..,..,..,..,..,6384,7.22188284802824,20688.79,1.94313747258443,88398,1064710.5669
"Taiwan, China",TWN,1991,YR1991,..,..,..,..,..,3856,3.95385798513202,13025.63,1.16000952151818,97525,1122889.92102
"Taiwan, China",TWN,1992,YR1992,..,..,..,..,..,6558,6.32187786185955,21875.35,1.81556370602448,103735,1204879.229928
"Taiwan, China",TWN,1993,YR1993,..,..,..,..,..,4110,3.65025089924064,14470.61,1.15060605767542,112595,1257651.122508
"Taiwan, China",TWN,1994,YR1994,..,..,..,..,..,5062,4.19001580981864,17751.91,1.33686408526547,120811,1327876.946928
"Taiwan, China",TWN,1995,YR1995,..,..,..,..,..,4839,3.74898314933178,17326.27,1.25517025120068,129075,1380392.021196
"Taiwan, China",TWN,1996,YR1996,..,..,..,..,..,4743,3.4453952434223,17215.16,1.19122011474356,137662,1445170.358268
"Taiwan, China",TWN,1997,YR1997,..,..,..,..,..,5704,3.90241232571186,21854.5,1.46569736534994,146166,1491064.9713
"Taiwan, China",TWN,1998,YR1998,..,..,..,..,..,6784,4.27257841037914,25204.55,1.61569631019789,158780,1559980.662264
"Taiwan, China",TWN,1999,YR1999,..,..,..,..,..,5773,3.48649007742387,22254.51,1.37730615608557,165582,1615799.79162
"Taiwan, China",TWN,2000,YR2000,..,..,..,..,..,5616,3.11046125216004,22123.38,1.29277293239182,180552,1711312.129584
"Taiwan, China",TWN,2001,YR2001,..,..,..,..,..,6324,3.42834838611747,24107.16,1.40622983874261,184462,1714311.511236
"Taiwan, China",TWN,2002,YR2002,..,..,..,..,..,4046,2.07215143196624,17246.2,0.958086975946095,195256,1800066.218724
"Taiwan, China",TWN,2003,YR2003,..,..,..,..,..,4589,2.2362566943945,19152.69,1.0484389575988,205209,1826781.603372
"Taiwan, China",TWN,2004,YR2004,..,..,..,..,..,5082,2.36316036661071,20994.05,1.10895594468074,215051,1893136.521852
"Taiwan, China",TWN,2005,YR2005,..,..,..,..,..,5920,2.64849702267776,23854.77,1.24102743766789,223523,1922179.097412
"Taiwan, China",TWN,2006,YR2006,..,..,..,..,..,6259,2.7030528647869,25324.41,1.30532226343948,231553,1940088.720564
"Taiwan, China",TWN,2007,YR2007,..,..,..,..,..,7058,2.95081693061525,28820,1.47225538541282,239188,1957540.810212
"Taiwan, China",TWN,2008,YR2008,..,..,..,..,..,6914,2.9440569564736,28204.49,1.50365694279759,234846,1875726.38394
"Taiwan, China",TWN,2009,YR2009,..,..,..,..,..,6511,2.87602312833221,26921.66,1.48963264615776,226389,1807268.393952
"Taiwan, China",TWN,2010,YR2010,..,..,..,..,..,7323,3.00202922909792,30052.8,1.55021526975115,243935,1938621.079692
"Taiwan, China",TWN,2011,YR2011,..,..,..,..,..,7390,2.96651332321748,37250.46,1.88557894358318,249114,1975544.971308
"Taiwan, China",TWN,2012,YR2012,..,..,..,..,..,9111,3.68271496651159,43556.94,2.25653419155656,247399,1930258.365372
"Taiwan, China",TWN,2013,YR2013,..,..,..,..,..,9315,3.73850154918046,44234.87,2.24545220048681,249164,1969976.024892
"Taiwan, China",TWN,2014,YR2014,..,..,..,..,..,8417,3.27632111605892,40087.85,2.04286489232224,256904,1962334.863684
"Taiwan, China",TWN,2015,YR2015,..,..,..,..,..,9004,3.53111886740657,41598.43,2.11532023769111,254990,1966531.083984
"Taiwan, China",TWN,2016,YR2016,..,..,..,..,..,..,..,..,..,..,..
Thailand,THA,1990,YR1990,..,65.9942851568694,75.8987121582031,99.6553344726563,4.66658475728304,4976,11.2640347700109,400604.3,33.6391309206457,44176,1190887.781688
Thailand,THA,1991,YR1991,..,67.5654177899517,77.0654220581055,99.6676177978515,4.6680588935372,4587,9.1401813290824,416532.6,33.0156316666272,50185,1261622.386044
Thailand,THA,1992,YR1992,..,69.1429643186101,78.2316207885742,99.6797256469727,4.60150737209559,4239,7.42407790115241,434774.2,31.8237752212936,57098,1366193.03328
Thailand,THA,1993,YR1993,..,70.7237679302984,79.3947601318359,99.690803527832,4.48538969073223,3703,5.84004920592364,385078.3,26.4259104453587,63407,1457199.746424
Thailand,THA,1994,YR1994,..,72.3043949728298,80.5517883300781,99.699821472168,4.59263752018192,4515,6.34334124787502,375923.7,23.8678203855792,71177,1575023.164776
Thailand,THA,1995,YR1995,..,73.8808992067312,81.6996307373047,99.7057495117188,4.64533504900821,7001,8.74217998826218,405060.5,22.6994112967089,80083,1784453.767128
Thailand,THA,1996,YR1996,..,75.4486399391654,82.8352355957031,99.7075500488281,4.91637252444985,8202,9.12936043275973,408627.1,21.163470513652,89842,1930813.283844
Thailand,THA,1997,YR1997,..,77.0044260768231,83.9555511474609,99.7042007446289,5.14979401047889,7545,8.09323579259005,415597.2,21.2488426585645,93226,1955858.051556
Thailand,THA,1998,YR1998,..,78.544236254149,85.0575103759766,99.6946640014648,5.22762589811727,5498,6.10536134677742,381386.2,21.6509736286753,90052,1761519.858372
Thailand,THA,1999,YR1999,..,80.0637388278406,86.138053894043,99.6779174804688,5.33697749134499,4402,4.88899254767379,396255.9,21.3124423381258,90039,1859270.250276
Thailand,THA,2000,YR2000,68.04,87,82.1,99.9,5.23110805252751,6537,6.81100680371339,413744.8,21.9881377099018,95977,1881672.770376
Thailand,THA,2001,YR2001,68.45,82.7332379718492,88.2348251342773,99.623779296875,5.20404374235306,6797,6.63639914079281,385146.4,20.0356045496194,102420,1922309.851176
Thailand,THA,2002,YR2002,68.77,83.9925272337649,89.2616653442383,99.5913848876953,5.42141503579522,8159,7.48442846266042,415535.7,20.0669279445308,109013,2070748.951452
Thailand,THA,2003,YR2003,69.49,85.2855942034356,90.282211303711,99.559196472168,5.47901367956858,8452,7.22498140755494,446415.3,20.344395594341,116983,2194291.287396
Thailand,THA,2004,YR2004,69.57,86.6229589590107,91.3025436401367,99.5300216674805,5.5703891853125,7322,5.823729191025,475867.6,20.0246682208454,125727,2376406.913472
Thailand,THA,2005,YR2005,70.21,88.018261360205,92.3287200927734,99.5066909790039,5.49696168267545,7330,5.54475517598735,490508,20.2523959369368,132197,2421975.165444
Thailand,THA,2006,YR2006,70.65,98.9256634279686,99.146201481454,99.6260098482606,5.3399815219906,9597,6.91715558374537,506831.3,20.6869383400757,138742,2450006.335728
Thailand,THA,2007,YR2007,70.96,91.03088977073,94.4228439331055,99.4887847900391,5.27934504523349,9913,6.91389194995048,539247,21.6112418884915,143378,2495215.234656
Thailand,THA,2008,YR2008,71.46,92.6749042770712,95.5014114379883,99.4990844726563,5.33117573412338,9727,6.59788639724336,578233.1,22.4910860365286,147426,2570943.435372
Thailand,THA,2009,YR2009,72.17,98.92,98.96,99.01,5.3509451466981,10235,6.89717913123172,594764.4,22.6573672231386,148394,2625037.56126
Thailand,THA,2010,YR2010,72.31,97,99.7,100,5.44586715381827,8949,5.60988453003348,633842.9,22.654877636674,159522,2797820.893872
Thailand,THA,2011,YR2011,72.83,97.9836935073278,98.7164154052734,99.5978317260742,5.39445643905962,12554,8.04790019937048,636171.6,22.7555240431084,155991,2795679.848088
Thailand,THA,2012,YR2012,73.22,98.8437177787598,99.1086235489221,99.4498197685449,5.39380430327444,14000,8.39087073264288,706102.5,23.2898203537994,166848,3031807.413168
Thailand,THA,2013,YR2013,73.69,99.9969223128663,99.8556976318359,99.7023544311523,5.6480727750378,14107,8.27793001871879,697434,22.9436074588218,170417,3039774.809832
Thailand,THA,2014,YR2014,73.67,100,99.9816665649414,99.760856628418,5.55649446817718,14692,8.51453474894525,742358.3,24.0957260406663,172552,3080871.266328
Thailand,THA,2015,YR2015,74.33,99.5,99.6,99.7,5.41195825241376,15178,8.53847884788479,722010.9,22.8630701280756,177760,3157978.766436
Thailand,THA,2016,YR2016,74.43,100,100,99.8817443847656,..,..,..,..,..,..,..
Timor-Leste,TLS,1990,YR1990,..,..,0.00999999977648258,59.4336051940918,..,0,0,0,..,0,0
Timor-Leste,TLS,1991,YR1991,..,..,0.0874509811401367,60.6768646240234,..,0,0,0,..,0,0
Timor-Leste,TLS,1992,YR1992,..,..,0.465930610895157,61.9199523925781,..,0,0,0,..,0,0
Timor-Leste,TLS,1993,YR1993,..,..,1.5241414308548,63.1620101928711,..,0,0,0,..,0,0
Timor-Leste,TLS,1994,YR1994,..,..,3.11989235877991,64.4020080566406,..,0,0,0,..,0,0
Timor-Leste,TLS,1995,YR1995,..,..,5.91277885437012,65.6389083862305,..,0,0,0,..,0,0
Timor-Leste,TLS,1996,YR1996,..,..,8.6934289932251,66.871696472168,..,0,0,0,..,0,0
Timor-Leste,TLS,1997,YR1997,..,..,11.4587831497192,68.0993194580078,..,0,0,0,..,0,0
Timor-Leste,TLS,1998,YR1998,..,..,14.2057828903198,69.3207702636719,..,0,0,0,..,0,0
Timor-Leste,TLS,1999,YR1999,..,0.087292743487674,16.9313697814941,70.5349960327148,..,0,0,0,..,0,0
Timor-Leste,TLS,2000,YR2000,2.27000000000001,2.94087859471347,19.6340026855469,71.7416229248047,..,0,0,0,..,0,0
Timor-Leste,TLS,2001,YR2001,2.41,10.1381280052184,25.6,72.9428176879883,..,0,0,0,..,0,0
Timor-Leste,TLS,2002,YR2002,2.54,8.62470650838345,24.990104675293,74.1414031982422,2.9130658812501,0,0,1516.41,48.2527429167833,62.9,3142.64
Timor-Leste,TLS,2003,YR2003,2.69,3.2,27.7,73.6,2.93759316522317,0,0,1459.773,47.8469302568436,65,3050.923
Timor-Leste,TLS,2004,YR2004,2.96,14.3251111154766,30.3210697174072,76.5419998168945,3.03361939665883,0,0,1405.877,44.0371918164472,67,3192.4765
Timor-Leste,TLS,2005,YR2005,3.12,17.0089870672546,32.9922828674316,77.749641418457,2.81705944087622,0,0,1353.807,43.6063888279579,69,3104.607
Timor-Leste,TLS,2006,YR2006,3.37,19.7173719730162,35.6754035949707,78.965934753418,2.97855416184754,0,0,1298.997,41.9031695837125,72,3099.997
Timor-Leste,TLS,2007,YR2007,3.56,20.3,36.6,82.3,2.69604474051975,0,0,1245.101,41.8785918700571,91.8,2973.1205
Timor-Leste,TLS,2008,YR2008,3.89,25.2559501034592,41.1001014709473,81.4349746704102,2.48871957645587,0,0,1193.945,39.5877642973868,110.514,3015.9445
Timor-Leste,TLS,2009,YR2009,4.09000000000001,28.0942181364298,43.8447380065918,82.6887512207031,2.36412571722983,0,0,1144.616,36.7821913183866,131.701,3111.8755
Timor-Leste,TLS,2010,YR2010,4.54,24,38,83.4,2.20345994760728,0,0,1097.114,34.6892292914252,136.61,3162.6935
Timor-Leste,TLS,2011,YR2011,4.77,33.8990010714204,49.3850784301758,85.2266616821289,2.05060485270211,0,0,1052.352,32.7110775129992,140.1,3217.112
Timor-Leste,TLS,2012,YR2012,5.21,36.8709186072853,52.1747741699219,86.5072250366211,2.18588029904054,0,0,1008.504,25.5129899435959,126,3952.904
Timor-Leste,TLS,2013,YR2013,5.67,39.8917028731494,54.9734840393066,87.7931365966797,2.98646710606146,0,0,966.483,21.5416275593252,295,4486.583
Timor-Leste,TLS,2014,YR2014,5.98,42.9578595547594,57.7781982421875,89.0826263427734,3.00013102625653,0,0,925.3755,18.4224883739056,349,5023.0755
Timor-Leste,TLS,2015,YR2015,6.53,56.02560385732,67.2815339423354,90.373893737793,..,0,0,886.095,18.2236892844473,350.3,4862.325
Timor-Leste,TLS,2016,YR2016,6.92,49.2153775073931,63.3941383361816,91.6654663085938,..,..,..,..,..,..,..
Vietnam,VNM,1990,YR1990,..,68.0119950850993,74.1146697998047,98.1412200927734,7.54806980272378,5369,61.8477133970741,510559.8,76.081644655317,8681,671068.300788
Vietnam,VNM,1991,YR1991,..,69.4207366582915,75.3642120361328,98.2375869750977,7.22013744571862,6317,68.5884907709012,522507.1,75.6374365847812,9210,690804.875988
Vietnam,VNM,1992,YR1992,..,70.8394182422493,76.6132354736328,98.3337860107422,6.9364498194159,7228,74.4770736733642,535158.7,74.701971669987,9705,716391.666828
Vietnam,VNM,1993,YR1993,..,72.2597909868281,77.8592071533203,98.428955078125,6.9639188850034,7965,74.7045582442319,563375.4,70.8126901689297,10662,795585.36564
Vietnam,VNM,1994,YR1994,..,73.6844532373921,79.0990524291992,98.5220642089844,6.40293718172339,9243,75.2197265625,534820.6,67.9860079331324,12288,786662.750556
Vietnam,VNM,1995,YR1995,..,75.1168366284331,80.3297271728516,98.6120834350586,6.23338792494138,10582,72.2419442927362,537803.7,65.1257836056628,14648,825792.29028
Vietnam,VNM,1996,YR1996,..,76.5465971970381,81.5481567382813,98.6979751586914,6.02053428114366,12008,70.8687440982059,543904.5,62.8660092692519,16944,865180.574244
Vietnam,VNM,1997,YR1997,..,73.7,78.4,98.6,5.99865565177389,11657,60.9293330545683,559489.5,60.7923736089576,19132,920328.433956
Vietnam,VNM,1998,YR1998,..,79.3852418815605,83.9360885620117,98.853271484375,6.0442606162206,11095,51.1573220213943,574637.1,59.4993441120752,21688,965787.284844
Vietnam,VNM,1999,YR1999,..,80.7785666946921,85.0994567871094,98.9206085205078,5.93678928493655,13774,58.4659790313681,594459.7,59.5670031087825,23559,997968.118212
Vietnam,VNM,2000,YR2000,14.38,82.1336656699649,86.239875793457,98.9803466796875,5.84890761858135,14551,54.7833289409284,605654.1,57.9637007256619,26561,1044885.147804
Vietnam,VNM,2001,YR2001,17.05,83.4840250740448,87.3618850708008,99.0346527099609,5.87380489569693,18210,59.4942498693152,624942.6,56.3577493164759,30608,1108884.949416
Vietnam,VNM,2002,YR2002,19.97,86.6,89.1,99.4,6.02862186194852,18198,50.8380824673148,624440.4,52.4133293872139,35796,1191377.093004
Vietnam,VNM,2003,YR2003,22.81,86.1987545404314,89.5749282836914,99.1382522583008,5.92106448446005,18986,46.3921808185706,646344.2,51.023855566307,40925,1266749.038908
Vietnam,VNM,2004,YR2004,26.05,87.5791045508764,90.6780853271484,99.1931686401367,6.11096132127276,17818,38.5595879590556,637633.8,45.9895238157207,46209,1386476.19522
Vietnam,VNM,2005,YR2005,29.23,95.2,96.1,99.6,6.01516433824147,16995,31.6739973162368,637860.8,44.3569630609402,53656,1438017.294204
Vietnam,VNM,2006,YR2006,32.61,94.9,96,99.1,5.76176336570564,20473,33.8435852082059,648045.8,44.4611176353139,60493,1457556.252444
Vietnam,VNM,2007,YR2007,36.04,91.9110088418696,94.0468673706055,99.4041976928711,5.78720643719085,23114,34.4943887297039,657295,42.1021779420604,67008,1561190.019444
Vietnam,VNM,2008,YR2008,39.55,93.4449580957572,95.2082595825195,99.4985885620117,5.8564371014685,26042,35.4814976292986,666731.5,39.4589931009848,73396,1689681.990348
Vietnam,VNM,2009,YR2009,43.12,94.6,96.1,99.6,6.06241500552353,30053,36.1322512774271,679517.1,37.1668136829163,83175,1828289.898072
Vietnam,VNM,2010,YR2010,46.76,96.6602917974388,97.5911331176758,99.7230758666992,6.32439150199237,27655,29.1402800754455,669884.7,34.7958988239322,94903,1925182.917072
Vietnam,VNM,2011,YR2011,50.14,97.75,99,100,5.96740525033224,41067,39.460181412868,719359.6,36.526959380424,104072,1969393.599144
Vietnam,VNM,2012,YR2012,53.84,100,100,99.9832763671875,5.74426029134235,52939,45.0192189944894,762016.8,38.1143660255291,117592,1999290.240036
Vietnam,VNM,2013,YR2013,57.23,100,100,100,5.61875920297885,52100,41.6620020151295,771719.4,37.3915507332977,125054,2063887.121196
Vietnam,VNM,2014,YR2014,60.79,98.9,99.2,99.9,5.74553849850127,59987,42.9814065130943,802701.8,37.0354726305609,139565,2167386.40818
Vietnam,VNM,2015,YR2015,63.81,100,100,100,5.94487602352848,56304,36.7320576972006,800189.5,34.9985698382085,153283,2286349.138548
Vietnam,VNM,2016,YR2016,66.92,100,100,100,..,..,..,..,..,..,..
India,IND,1990,YR1990,..,29.7433535858626,43.291561126709,82.7758331298828,8.2915979089233,71688,24.4892939617124,5645860,58.652858348278,292732,9625890.636864
India,IND,1991,YR1991,..,31.5873365126957,44.9389953613281,83.3821182250977,8.54836655208097,72814,22.8074022101386,5724241,57.6047933357271,319256,9937091.461536
India,IND,1992,YR1992,..,33.4554976334482,46.5859222412109,83.9882278442383,8.40018852696283,69974,20.7526521363897,5794445,57.2305674845727,337181,10124737.976016
India,IND,1993,YR1993,..,38.7,50.9,82.8,8.21116167819759,70577,19.5588133409081,5825789,56.9833633428903,360845,10223666.449704
India,IND,1994,YR1994,..,37.1959025037818,49.8675346374512,85.1963272094727,7.99411301080985,82927,21.21909967171,5889504,55.5571874605853,390813,10600795.809144
India,IND,1995,YR1995,..,39.0613479513863,51.4961051940918,85.796257019043,7.85816030317115,73126,17.2605391115517,5915133,54.4841170038941,423660,10856619.00252
India,IND,1996,YR1996,..,40.9175322227352,53.1124382019043,86.3920669555664,7.53016367474512,69854,15.7672939365417,5955321,53.767409699754,443031,11076079.419216
India,IND,1997,YR1997,..,42.7613123992003,54.7134742736816,86.9827194213867,7.52418202136383,75700,16.015130807865,6027971,52.4880731033173,472678,11484458.55144
India,IND,1998,YR1998,..,44.5888631046438,56.2961578369141,87.5671844482422,7.25603779427374,84132,16.7011082856411,6104928,52.7122557076625,503751,11581610.230944
India,IND,1999,YR1999,..,48.1,60.1,91.3,7.05054707851972,83274,15.2580757461935,6172063,51.7172937036599,545770,11934234.291852
India,IND,2000,YR2000,22.15,48.1816286732758,59.3957443237305,88.7140884399414,6.94959487076476,77426,13.5909480276924,6231016,51.5793476223734,569688,12080447.479908
India,IND,2001,YR2001,23.85,43.6,55.8,87.6,6.72480637599239,77680,13.2070435298578,6298836,51.7872192257844,588171,12162916.051812
India,IND,2002,YR2002,25.01,51.4599656790939,62.3,89.8399200439453,6.67200102251513,73597,12.0551611624532,6363576,50.5694426557262,610502,12583836.534096
India,IND,2003,YR2003,25.93,53.3333017676252,63.9244918823242,90.401725769043,6.33392172930991,87664,13.4694247561217,6468599,50.8427990577573,650837,12722743.672416
India,IND,2004,YR2004,27.41,53.5999198920632,64.4,90.9665603637695,6.18110787146406,99059,14.4825005007376,6600165,49.7240246052468,683991,13273593.705252
India,IND,2005,YR2005,28.34,56.767529101516,66.9324493408203,91.537223815918,5.87751946572999,118935,16.6190180757235,6752224,48.5753087512264,715656,13900527.188784
India,IND,2006,YR2006,29.74,55.7,67.9,93.1,5.66184904777442,135725,17.5404247180092,6904236,47.4437217093748,773784,14552475.546276
India,IND,2007,YR2007,30.95,60.2947015578398,69.9880218505859,92.7073287963867,5.50764929853643,147122,17.8640856862195,7041745,45.8678035195348,823563,15352261.193412
India,IND,2008,YR2008,32.06,62.1101038287165,71.5473175048828,93.3116302490235,5.56214240997603,140062,16.5098337370558,7130872,43.6328830116274,848355,16342885.245744
India,IND,2009,YR2009,32.82,66,75,96.1,5.64671193201939,143650,15.6600552489802,7236991,40.7708275885812,917302,17750414.764764
India,IND,2010,YR2010,34.4,65.7,76.3,94,5.35317924225662,157135,16.0437444354595,7376893,39.4815087312075,979416,18684425.284308
India,IND,2011,YR2011,35.42,55.8,67.6,92.9,5.23298571103505,186077,17.316962856526,7553407,38.9317402139462,1074536,19401668.04384
India,IND,2012,YR2012,36.64,72.7,79.9,96.1,5.19964331645046,176689,15.732973360913,7628053,38.3908901522843,1123049,19869435.091872
India,IND,2013,YR2013,37.81,71.6550475706534,79.5991134643555,96.4849090576172,4.98862544005017,206622,17.3493138262499,7791782,37.8498411784972,1193480,20586036.182436
India,IND,2014,YR2014,38.8,73.6316231707346,81.2395095825195,97.1374206542969,4.96014949895526,210273,16.2538398153488,7903163,36.651837856374,1287398,21562801.382484
India,IND,2015,YR2015,39.88,83.2,88,97.5,4.73091044855314,212195,15.3430503454798,8011645,36.0212225652817,1383004,22241457.755856
India,IND,2016,YR2016,41.04,77.6286901645437,84.5268173217773,98.4463119506836,..,..,..,..,..,..,..
,,,,,,,,,,,,,,
,,,,,,,,,,,,,,
,,,,,,,,,,,,,,
Data from database: Sustainable Energy for All,,,,,,,,,,,,,,
Last Updated: 06/30/2018,,,,,,,,,,,,,,
